"","loglik","loglik.sd","nfail.max","nfail.min","beta1","beta2","beta3","muh","sigma1","gamma1","tau1","alpha1","delta1","sigma2","tau2","alpha2","delta2","tau3","delta3","xi","rho","nm","log.muv","log.muv1","log.muv2","log.muv3","log.muv4","log.muv5","log.muv6","log.muv7","log.muv8","log.muv9","bmuv","cmuv","tau","BSH.0","BEH.0","BIH.0","BEQ.0","BIQ.0","BH.0","BR.0","CSH.0","CEH.0","CIH.0","CEQ.0","CIQ.0","CH.0","CR.0","DSH.0","DEH.0","DIH.0","DEQ.0","DIQ.0","DH.0","DR.0","pop","susc.ini","infe.ini","t0"
"S.2",-262.21159363598,0.257535399942596,0,0,1,1,1,0.01825,189.8,36.5,18.8705,83.95,76.65,149.65,18.8705,73,73,18.8705,69.35,2.4455,0.1,4,4.79425280547224,7.090530990882,5.51739290546378,3.37970363028269,1,1,1,1,1,1,1,38.3780876921233,0.0640877251941582,0.0112284726353477,2.66901583527487e-08,2.53583056173273e-08,0,0,0,0.988771475316187,0.535885244844496,3.96673811522683e-08,2.89748759552777e-08,0,0,0,0.464114686513246,0.850592749507451,7.35214179587472e-08,3.84556312963352e-08,0,0,0,0.1494071385155,5e+07,0.333333333333333,1,0.289
