"","loglik","loglik.sd","nfail.max","nfail.min","beta1","beta2","beta3","muh","sigma1","gamma1","tau1","alpha1","delta1","sigma2","tau2","alpha2","delta2","tau3","delta3","xi","rho","nm","log.muv","log.muv1","log.muv2","log.muv3","log.muv4","log.muv5","log.muv6","log.muv7","log.muv8","log.muv9","bmuv","cmuv","tau","BSH.0","BEH.0","BIH.0","BEQ.0","BIQ.0","BH.0","BR.0","CSH.0","CEH.0","CIH.0","CEQ.0","CIQ.0","CH.0","CR.0","DSH.0","DEH.0","DIH.0","DEQ.0","DIQ.0","DH.0","DR.0","pop","susc.ini","infe.ini","t0"
"S.2",-262.14723481011,0.285765705485817,0,0,1,1,1,0.01825,189.8,36.5,18.8705,83.95,76.65,149.65,18.8705,73,73,18.8705,69.35,2.4455,0.1,4,4.75797294359287,7.08577073634477,5.57095146323225,3.59371312765909,1,1,1,1,1,1,1,36.4503660125439,0.0510710500327492,0.0112789322252594,2.155703613861e-08,2.13683447147135e-08,0,0,0,0.98872102484936,0.555840492922995,2.55176507147245e-08,2.49418854154549e-08,0,0,0,0.444159456617469,0.876413997656446,6.13986162372228e-08,4.21021665336297e-08,0,0,0,0.123585898842772,5e+07,0.333333333333333,1,0.289
