"","loglik","loglik.sd","nfail.max","nfail.min","beta1","beta2","beta3","muh","sigma1","gamma1","tau1","alpha1","delta1","sigma2","tau2","alpha2","delta2","tau3","delta3","xi","rho","nm","log.muv","log.muv1","log.muv2","log.muv3","log.muv4","log.muv5","log.muv6","log.muv7","log.muv8","log.muv9","bmuv","cmuv","tau","BSH.0","BEH.0","BIH.0","BEQ.0","BIQ.0","BH.0","BR.0","CSH.0","CEH.0","CIH.0","CEQ.0","CIQ.0","CH.0","CR.0","DSH.0","DEH.0","DIH.0","DEQ.0","DIQ.0","DH.0","DR.0","pop","susc.ini","infe.ini","t0"
"S.2",-262.273362968459,0.273787503262966,0,0,1,1,1,0.01825,189.8,36.5,18.8705,83.95,76.65,149.65,18.8705,73,73,18.8705,69.35,2.4455,0.1,4,4.88619802675485,6.98676042173454,5.47069783317316,3.52591327000201,1,1,1,1,1,1,1,41.6357992813548,0.0600212521307702,0.022283187758376,2.60909187878251e-08,2.31712610514217e-08,0,0,0,0.977716762979446,0.576509219448987,2.435606168132e-08,2.32242464590131e-08,0,0,0,0.423490732970705,0.872144620940956,3.3400029290429e-08,4.00487921686011e-08,0,0,0,0.127855305610223,5e+07,0.333333333333333,1,0.289
