"","loglik","loglik.sd","nfail.max","nfail.min","beta1","beta2","beta3","muh","sigma1","gamma1","tau1","alpha1","delta1","sigma2","tau2","alpha2","delta2","tau3","delta3","xi","rho","nm","log.muv","log.muv1","log.muv2","log.muv3","log.muv4","log.muv5","log.muv6","log.muv7","log.muv8","log.muv9","bmuv","cmuv","tau","BSH.0","BEH.0","BIH.0","BEQ.0","BIQ.0","BH.0","BR.0","CSH.0","CEH.0","CIH.0","CEQ.0","CIQ.0","CH.0","CR.0","DSH.0","DEH.0","DIH.0","DEQ.0","DIQ.0","DH.0","DR.0","pop","susc.ini","infe.ini","t0"
"S.2",-262.192127987823,0.39444248058551,0,0,1,1,1,0.01825,189.8,36.5,18.8705,83.95,76.65,149.65,18.8705,73,73,18.8705,69.35,2.4455,0.1,4,4.79706258366535,6.9699637114662,5.33797396776473,3.06610379247246,1,1,1,1,1,1,1,43.1792413990334,0.0549585233219118,0.011566496262008,3.79731819260748e-08,2.70093542869838e-08,0,0,0,0.988433438755455,0.602963082344268,2.99564672680643e-08,3.77815057275659e-08,0,0,0,0.397036849917758,0.886032991627616,8.43802682914527e-08,2.24139537001273e-08,0,0,0,0.113966901578161,5e+07,0.333333333333333,1,0.289
