"","loglik","loglik.sd","nfail.max","nfail.min","beta1","beta2","beta3","muh","sigma1","gamma1","tau1","alpha1","delta1","sigma2","tau2","alpha2","delta2","tau3","delta3","xi","rho","nm","log.muv","log.muv1","log.muv2","log.muv3","log.muv4","log.muv5","log.muv6","log.muv7","log.muv8","log.muv9","bmuv","cmuv","tau","BSH.0","BEH.0","BIH.0","BEQ.0","BIQ.0","BH.0","BR.0","CSH.0","CEH.0","CIH.0","CEQ.0","CIQ.0","CH.0","CR.0","DSH.0","DEH.0","DIH.0","DEQ.0","DIQ.0","DH.0","DR.0","pop","susc.ini","infe.ini","t0"
"S.7",-269.20569257943,1.22858475728148,0,0,1,1,1,0.01825,189.8,36.5,18.8705,83.95,76.65,149.65,18.8705,73,73,18.8705,69.35,2.4455,0.1,8,-3.35444131634779,-2.85041683464848,6.45205463924713,5.90328705875632,5.66944824823631,-0.085343083928371,3.33298532040183,-2.06981551385352,1,1,1,64.8324343259276,0.0140489086172283,0.0588472816591461,2.74278583764706e-08,2.16886711095909e-08,0,0,0,0.941152669224326,0.81982264002732,6.99001700945753e-08,4.98221312694727e-08,0,0,0,0.180177240250378,0.839327299071602,1.13510368093861e-07,2.95586066543224e-08,0,0,0,0.160672557859422,5e+07,0.333333333333333,1,0.289
