"","loglik","loglik.sd","nfail.max","nfail.min","beta1","beta2","beta3","muh","sigma1","gamma1","tau1","alpha1","delta1","sigma2","tau2","alpha2","delta2","tau3","delta3","xi","rho","nm","log.muv","log.muv1","log.muv2","log.muv3","log.muv4","log.muv5","log.muv6","log.muv7","log.muv8","log.muv9","bmuv","cmuv","tau","BSH.0","BEH.0","BIH.0","BEQ.0","BIQ.0","BH.0","BR.0","CSH.0","CEH.0","CIH.0","CEQ.0","CIQ.0","CH.0","CR.0","DSH.0","DEH.0","DIH.0","DEQ.0","DIQ.0","DH.0","DR.0","pop","susc.ini","infe.ini","t0"
"S.5",-261.142819219557,0.277648830805313,0,0,1,1,1,0.01825,189.8,36.5,18.8705,83.95,76.65,149.65,18.8705,73,73,18.8705,69.35,2.4455,0.1,6,4.9367324168706,5.95884954953007,7.24794840566471,5.98519270291914,4.69020801077775,3.40687652399367,1,1,1,1,1,38.4447948254675,0.0569406707548306,0.0143001730218466,2.13115559724986e-08,2.14864272187153e-08,0,0,0,0.98569978418017,0.562691747351546,3.23187333272489e-08,2.195665838478e-08,0,0,0,0.437308198373062,0.889574777764565,7.10251067638297e-08,3.147015009276e-08,0,0,0,0.110425119740177,5e+07,0.333333333333333,1,0.289
