"","loglik","loglik.sd","nfail.max","nfail.min","beta1","beta2","beta3","muh","sigma1","gamma1","tau1","alpha1","delta1","sigma2","tau2","alpha2","delta2","tau3","delta3","xi","rho","nm","log.muv","log.muv1","log.muv2","log.muv3","log.muv4","log.muv5","log.muv6","log.muv7","log.muv8","log.muv9","bmuv","cmuv","tau","BSH.0","BEH.0","BIH.0","BEQ.0","BIQ.0","BH.0","BR.0","CSH.0","CEH.0","CIH.0","CEQ.0","CIQ.0","CH.0","CR.0","DSH.0","DEH.0","DIH.0","DEQ.0","DIQ.0","DH.0","DR.0","pop","susc.ini","infe.ini","t0"
"S.9",-270.242646626264,1.15776179593231,0,0,1,1,1,0.01825,189.8,36.5,18.8705,83.95,76.65,149.65,18.8705,73,73,18.8705,69.35,2.4455,0.1,10,-4.08129778598536,5.49729485253729,4.25070779120068,7.2937244723709,1.73339113799437,0.278428060967393,-1.05711284030499,1.72539766456018,-3.75701151837188,0.497770736769861,1,84.9595859996379,0.0317543638322084,0.121299850635457,3.03474703320274e-08,2.50893237795243e-08,0,0,0,0.878700093927749,0.558092539229345,6.26260801824473e-08,4.49844661304084e-08,0,0,0,0.441907353160108,0.667738707747316,2.6854424442829e-08,5.14685017691881e-08,0,0,0,0.332261213929758,5e+07,0.333333333333333,1,0.289
