"","loglik","loglik.sd","nfail.max","nfail.min","beta1","beta2","beta3","muh","sigma1","gamma1","tau1","alpha1","delta1","sigma2","tau2","alpha2","delta2","tau3","delta3","xi","rho","nm","log.muv","log.muv1","log.muv2","log.muv3","log.muv4","log.muv5","log.muv6","log.muv7","log.muv8","log.muv9","bmuv","cmuv","tau","BSH.0","BEH.0","BIH.0","BEQ.0","BIQ.0","BH.0","BR.0","CSH.0","CEH.0","CIH.0","CEQ.0","CIQ.0","CH.0","CR.0","DSH.0","DEH.0","DIH.0","DEQ.0","DIQ.0","DH.0","DR.0","pop","susc.ini","infe.ini","t0"
"S.8",-268.451132001956,1.09221939530646,0,0,1,1,1,0.01825,189.8,36.5,18.8705,83.95,76.65,149.65,18.8705,73,73,18.8705,69.35,2.4455,0.1,9,2.80139249642338,5.92445774524635,4.85759261835263,6.60608947330645,-0.314800906318469,4.14582055171228,2.24058480553272,-2.53605069023937,2.06456658927749,1,1,73.099051432256,0.0268013341388415,0.294251678033908,2.86163657506357e-08,2.14138743249648e-08,0,0,0,0.705748271935852,0.626487515876595,6.31118864147304e-08,2.81006336117679e-08,0,0,0,0.373512392910885,0.744322892388481,5.94899554877916e-08,5.48291475096558e-08,0,0,0,0.255676993292416,5e+07,0.333333333333333,1,0.289
