"","loglik","loglik.sd","nfail.max","nfail.min","beta1","beta2","beta3","muh","sigma1","gamma1","tau1","alpha1","delta1","sigma2","tau2","alpha2","delta2","tau3","delta3","xi","rho","nm","log.muv","log.muv1","log.muv2","log.muv3","log.muv4","log.muv5","log.muv6","log.muv7","log.muv8","log.muv9","bmuv","cmuv","tau","BSH.0","BEH.0","BIH.0","BEQ.0","BIQ.0","BH.0","BR.0","CSH.0","CEH.0","CIH.0","CEQ.0","CIQ.0","CH.0","CR.0","DSH.0","DEH.0","DIH.0","DEQ.0","DIQ.0","DH.0","DR.0","pop","susc.ini","infe.ini","t0"
"S.7",-268.474205430186,0.593124051651196,0,0,1,1,1,0.01825,189.8,36.5,18.8705,83.95,76.65,149.65,18.8705,73,73,18.8705,69.35,2.4455,0.1,8,-2.44749634169823,0.668108961839874,6.71951475376465,5.94246515095455,5.68946102865974,1.45179635538345,5.00875944538057,-5.14010899781395,1,1,1,61.1625109494765,0.021912706269396,0.0202515332617843,2.20440102506075e-08,2.04417418163772e-08,0,0,0,0.979748424252464,0.776956274140925,2.43400638793844e-08,2.18509879436578e-08,0,0,0,0.223043679668024,0.879005106794044,2.77216869456416e-08,1.06768217919358e-07,0,0,0,0.120994758716051,5e+07,0.333333333333333,1,0.289
