"","loglik","loglik.sd","nfail.max","nfail.min","beta1","beta2","beta3","muh","sigma1","gamma1","tau1","alpha1","delta1","sigma2","tau2","alpha2","delta2","tau3","delta3","xi","rho","nm","log.muv","log.muv1","log.muv2","log.muv3","log.muv4","log.muv5","log.muv6","log.muv7","log.muv8","log.muv9","bmuv","cmuv","tau","BSH.0","BEH.0","BIH.0","BEQ.0","BIQ.0","BH.0","BR.0","CSH.0","CEH.0","CIH.0","CEQ.0","CIQ.0","CH.0","CR.0","DSH.0","DEH.0","DIH.0","DEQ.0","DIQ.0","DH.0","DR.0","pop","susc.ini","infe.ini","t0"
"S.3",-263.256562116921,0.408714950357185,0,0,1,1,1,0.01825,189.8,36.5,18.8705,83.95,76.65,149.65,18.8705,73,73,18.8705,69.35,2.4455,0.1,5,5.12511102088271,6.56306529597851,6.81578156146002,4.69888699227258,3.64523561186228,1,1,1,1,1,1,39.3751805499634,0.0617576453565554,0.0349910324829446,2.17929431810893e-08,2.78284663301457e-08,0,0,0,0.965008917895646,0.49567181877999,2.32360007434223e-08,3.31891066740095e-08,0,0,0,0.504328124794903,0.876804159717542,9.65810548991093e-08,2.88360777540669e-08,0,0,0,0.123195714865325,5e+07,0.333333333333333,1,0.289
