"","loglik","loglik.sd","nfail.max","nfail.min","beta1","beta2","beta3","muh","sigma1","gamma1","tau1","alpha1","delta1","sigma2","tau2","alpha2","delta2","tau3","delta3","xi","rho","nm","log.muv","log.muv1","log.muv2","log.muv3","log.muv4","log.muv5","log.muv6","log.muv7","log.muv8","log.muv9","bmuv","cmuv","tau","BSH.0","BEH.0","BIH.0","BEQ.0","BIQ.0","BH.0","BR.0","CSH.0","CEH.0","CIH.0","CEQ.0","CIQ.0","CH.0","CR.0","DSH.0","DEH.0","DIH.0","DEQ.0","DIQ.0","DH.0","DR.0","pop","susc.ini","infe.ini","t0"
"S.9",-271.727192579323,1.84816878415532,0,0,1,1,1,0.01825,189.8,36.5,18.8705,83.95,76.65,149.65,18.8705,73,73,18.8705,69.35,2.4455,0.1,10,-4.43587316941662,6.17656769273568,1.41820428088835,7.21490953695936,2.45781961544733,-0.521100716582808,-0.343349483041088,3.18748109288656,-4.9649243463868,-0.181784418945457,1,73.4296266305725,0.0411311127874486,0.174913266142815,2.51175457010961e-08,2.99312014982633e-08,0,0,0,0.825086678808437,0.608914973562016,7.94117722350305e-08,4.36339252860191e-08,0,0,0,0.391084903392286,0.773815935444888,3.08664479056208e-08,6.56268104600426e-08,0,0,0,0.226183968061855,5e+07,0.333333333333333,1,0.289
