"","loglik","loglik.sd","nfail.max","nfail.min","beta1","beta2","beta3","muh","sigma1","gamma1","tau1","alpha1","delta1","sigma2","tau2","alpha2","delta2","tau3","delta3","xi","rho","nm","log.muv","log.muv1","log.muv2","log.muv3","log.muv4","log.muv5","log.muv6","log.muv7","log.muv8","log.muv9","bmuv","cmuv","tau","BSH.0","BEH.0","BIH.0","BEQ.0","BIQ.0","BH.0","BR.0","CSH.0","CEH.0","CIH.0","CEQ.0","CIQ.0","CH.0","CR.0","DSH.0","DEH.0","DIH.0","DEQ.0","DIQ.0","DH.0","DR.0","pop","susc.ini","infe.ini","t0"
"S.5",-261.326718302997,0.255593044429101,0,0,1,1,1,0.01825,189.8,36.5,18.8705,83.95,76.65,149.65,18.8705,73,73,18.8705,69.35,2.4455,0.1,6,5.15569467554996,5.92096580678901,7.22595827867481,5.97662795671557,4.76049381686163,3.6489539304242,1,1,1,1,1,38.3483220247176,0.0627235266012792,0.0120216578306928,2.73756541732331e-08,2.33927196472376e-08,0,0,0,0.987978291400933,0.598150456357497,2.9127774971276e-08,5.88728462155753e-08,0,0,0,0.401849455641883,0.889936775802873,4.25564419799639e-08,5.07068033378172e-08,0,0,0,0.110063130933882,5e+07,0.333333333333333,1,0.289
