"","loglik","loglik.sd","nfail.max","nfail.min","beta1","beta2","beta3","muh","sigma1","gamma1","tau1","alpha1","delta1","sigma2","tau2","alpha2","delta2","tau3","delta3","xi","rho","nm","log.muv","log.muv1","log.muv2","log.muv3","log.muv4","log.muv5","log.muv6","log.muv7","log.muv8","log.muv9","bmuv","cmuv","tau","BSH.0","BEH.0","BIH.0","BEQ.0","BIQ.0","BH.0","BR.0","CSH.0","CEH.0","CIH.0","CEQ.0","CIQ.0","CH.0","CR.0","DSH.0","DEH.0","DIH.0","DEQ.0","DIQ.0","DH.0","DR.0","pop","susc.ini","infe.ini","t0"
"S.3",-262.72658797272,0.449412383458427,0,0,1,1,1,0.01825,189.8,36.5,18.8705,83.95,76.65,149.65,18.8705,73,73,18.8705,69.35,2.4455,0.1,5,4.65772860417437,6.5458037445031,6.95999197090515,4.85719702865352,3.79685386674149,1,1,1,1,1,1,35.3426776410047,0.0523370826426854,0.0134218224356738,2.20223932240434e-08,2.64471229371473e-08,0,0,0,0.986578129094809,0.5382404543043,3.47978647249229e-08,4.20197035575536e-08,0,0,0,0.461759468878131,0.88734674700379,5.10848516746935e-08,5.81051131008312e-08,0,0,0,0.112653143806243,5e+07,0.333333333333333,1,0.289
