"","loglik","loglik.sd","nfail.max","nfail.min","beta1","beta2","beta3","muh","sigma1","gamma1","tau1","alpha1","delta1","sigma2","tau2","alpha2","delta2","tau3","delta3","xi","rho","nm","log.muv","log.muv1","log.muv2","log.muv3","log.muv4","log.muv5","log.muv6","log.muv7","log.muv8","log.muv9","bmuv","cmuv","tau","BSH.0","BEH.0","BIH.0","BEQ.0","BIQ.0","BH.0","BR.0","CSH.0","CEH.0","CIH.0","CEQ.0","CIQ.0","CH.0","CR.0","DSH.0","DEH.0","DIH.0","DEQ.0","DIQ.0","DH.0","DR.0","pop","susc.ini","infe.ini","t0"
"S.8",-268.568317096424,1.1852973532082,0,0,1,1,1,0.01825,189.8,36.5,18.8705,83.95,76.65,149.65,18.8705,73,73,18.8705,69.35,2.4455,0.1,9,4.50466055153283,5.14454775657862,5.34893109764361,6.58864323571677,0.235089122691017,3.43476930697562,2.39757211767654,-2.57211891984377,3.47529151693861,1,1,72.0479008908049,0.044899990617149,0.193976433121509,2.01559204787657e-08,2.53189035650912e-08,0,0,0,0.806023521403668,0.662394286341153,2.00016665894722e-08,2.90684956138628e-08,0,0,0,0.337605664588687,0.821558202392307,3.04623373773665e-08,1.24304905623544e-07,0,0,0,0.178441642840448,5e+07,0.333333333333333,1,0.289
