"","loglik","loglik.sd","nfail.max","nfail.min","beta1","beta2","beta3","muh","sigma1","gamma1","tau1","alpha1","delta1","sigma2","tau2","alpha2","delta2","tau3","delta3","xi","rho","nm","log.muv","log.muv1","log.muv2","log.muv3","log.muv4","log.muv5","log.muv6","log.muv7","log.muv8","log.muv9","bmuv","cmuv","tau","BSH.0","BEH.0","BIH.0","BEQ.0","BIQ.0","BH.0","BR.0","CSH.0","CEH.0","CIH.0","CEQ.0","CIQ.0","CH.0","CR.0","DSH.0","DEH.0","DIH.0","DEQ.0","DIQ.0","DH.0","DR.0","pop","susc.ini","infe.ini","t0"
"S.4",-261.784912402369,0.305857652940077,0,0,1,1,1,0.01825,189.8,36.5,18.8705,83.95,76.65,149.65,18.8705,73,73,18.8705,69.35,2.4455,0.1,6,5.13462336044129,5.82345913662836,7.13093603964367,5.7320878459904,4.45598114598224,2.79337843780962,1,1,1,1,1,45.8571178966918,0.0418110726055076,0.0153892021580907,3.66153057980732e-08,2.78766708726705e-08,0,0,0,0.984610733349932,0.651184728904288,3.03319839361247e-08,3.80568601790757e-08,0,0,0,0.348815202706868,0.846605246731598,3.12010154543246e-08,6.01553449040784e-08,0,0,0,0.153394661912041,5e+07,0.333333333333333,1,0.289
