"","loglik","loglik.sd","nfail.max","nfail.min","beta1","beta2","beta3","muh","sigma1","gamma1","tau1","alpha1","delta1","sigma2","tau2","alpha2","delta2","tau3","delta3","xi","rho","nm","log.muv","log.muv1","log.muv2","log.muv3","log.muv4","log.muv5","log.muv6","log.muv7","log.muv8","log.muv9","bmuv","cmuv","tau","BSH.0","BEH.0","BIH.0","BEQ.0","BIQ.0","BH.0","BR.0","CSH.0","CEH.0","CIH.0","CEQ.0","CIQ.0","CH.0","CR.0","DSH.0","DEH.0","DIH.0","DEQ.0","DIQ.0","DH.0","DR.0","pop","susc.ini","infe.ini","t0"
"S.3",-263.129176249644,0.243163856855231,0,0,1,1,1,0.01825,189.8,36.5,18.8705,83.95,76.65,149.65,18.8705,73,73,18.8705,69.35,2.4455,0.1,5,4.86027064059478,6.53982697041475,6.7912001573675,4.72249820608326,3.32540143410096,1,1,1,1,1,1,41.0078469623993,0.0688972413271282,0.0264513907730738,2.32226706369949e-08,2.47769327463344e-08,0,0,0,0.973548561227322,0.514990707120855,3.47583403355851e-08,3.99427250856151e-08,0,0,0,0.485009218178077,0.879051276601121,6.58712593209865e-08,2.12783289217858e-08,0,0,0,0.120948636249291,5e+07,0.333333333333333,1,0.289
