"","loglik","loglik.sd","nfail.max","nfail.min","beta1","beta2","beta3","muh","sigma1","gamma1","tau1","alpha1","delta1","sigma2","tau2","alpha2","delta2","tau3","delta3","xi","rho","nm","log.muv","log.muv1","log.muv2","log.muv3","log.muv4","log.muv5","log.muv6","log.muv7","log.muv8","log.muv9","bmuv","cmuv","tau","BSH.0","BEH.0","BIH.0","BEQ.0","BIQ.0","BH.0","BR.0","CSH.0","CEH.0","CIH.0","CEQ.0","CIQ.0","CH.0","CR.0","DSH.0","DEH.0","DIH.0","DEQ.0","DIQ.0","DH.0","DR.0","pop","susc.ini","infe.ini","t0"
"S.9",-267.832620843788,0.640321820081587,0,0,1,1,1,0.01825,189.8,36.5,18.8705,83.95,76.65,149.65,18.8705,73,73,18.8705,69.35,2.4455,0.1,10,-3.21634230977345,5.11199400721397,3.72472461684671,6.56206062971978,3.69648426121371,0.33405954549768,-0.451074510235471,2.14623877075765,-7.28056170466621,1.81997260670947,1,75.4463447985668,0.0400823926371755,0.264912537600937,2.3259239733487e-08,2.73412351401861e-08,0,0,0,0.735087411798589,0.747161676376393,2.2533475002803e-08,3.34174035722123e-08,0,0,0,0.252838267672728,0.883001692460323,2.61975514309595e-08,7.50908936035697e-08,0,0,0,0.116998206251233,5e+07,0.333333333333333,1,0.289
