"","loglik","loglik.sd","nfail.max","nfail.min","beta1","beta2","beta3","muh","sigma1","gamma1","tau1","alpha1","delta1","sigma2","tau2","alpha2","delta2","tau3","delta3","xi","rho","nm","log.muv","log.muv1","log.muv2","log.muv3","log.muv4","log.muv5","log.muv6","log.muv7","log.muv8","log.muv9","bmuv","cmuv","tau","BSH.0","BEH.0","BIH.0","BEQ.0","BIQ.0","BH.0","BR.0","CSH.0","CEH.0","CIH.0","CEQ.0","CIQ.0","CH.0","CR.0","DSH.0","DEH.0","DIH.0","DEQ.0","DIQ.0","DH.0","DR.0","pop","susc.ini","infe.ini","t0"
"S.6",-266.584053634672,0.677658537138465,0,0,1,1,1,0.01825,189.8,36.5,18.8705,83.95,76.65,149.65,18.8705,73,73,18.8705,69.35,2.4455,0.1,7,5.1222296514569,5.56089634626501,6.80261002090648,5.30507499528479,0.0170866993707566,4.78180903198045,-0.551058844038858,1,1,1,1,75.6584724183231,0.0360249264229685,0.0682347003628707,4.13275966892743e-08,2.30325685548728e-08,0,0,0,0.931765235276965,0.432403892443063,6.22736561613996e-08,2.43709730082203e-08,0,0,0,0.567596020912308,0.630498578541166,2.08676893862108e-08,6.08689820912057e-08,0,0,0,0.369501339722162,5e+07,0.333333333333333,1,0.289
