"","loglik","loglik.sd","nfail.max","nfail.min","beta1","beta2","beta3","muh","sigma1","gamma1","tau1","alpha1","delta1","sigma2","tau2","alpha2","delta2","tau3","delta3","xi","rho","nm","log.muv","log.muv1","log.muv2","log.muv3","log.muv4","log.muv5","log.muv6","log.muv7","log.muv8","log.muv9","bmuv","cmuv","tau","BSH.0","BEH.0","BIH.0","BEQ.0","BIQ.0","BH.0","BR.0","CSH.0","CEH.0","CIH.0","CEQ.0","CIQ.0","CH.0","CR.0","DSH.0","DEH.0","DIH.0","DEQ.0","DIQ.0","DH.0","DR.0","pop","susc.ini","infe.ini","t0"
"S.6",-267.01661607983,0.521908035810934,0,0,1,1,1,0.01825,189.8,36.5,18.8705,83.95,76.65,149.65,18.8705,73,73,18.8705,69.35,2.4455,0.1,7,5.28867024971705,5.49745907694478,6.74916480413301,5.40889288061405,0.993762261799338,4.92813652203782,0.375983806791155,1,1,1,1,64.0838077241541,0.0433200452856705,0.0527995286420913,2.24521942576926e-08,2.24590362663174e-08,0,0,0,0.947200426446679,0.569585470001852,3.33698456493321e-08,2.83650629283562e-08,0,0,0,0.430414468263239,0.839936115369213,2.23409023072038e-08,5.34421015984475e-08,0,0,0,0.160063808847781,5e+07,0.333333333333333,1,0.289
