"","loglik","loglik.sd","nfail.max","nfail.min","beta1","beta2","beta3","muh","sigma1","gamma1","tau1","alpha1","delta1","sigma2","tau2","alpha2","delta2","tau3","delta3","xi","rho","nm","log.muv","log.muv1","log.muv2","log.muv3","log.muv4","log.muv5","log.muv6","log.muv7","log.muv8","log.muv9","bmuv","cmuv","tau","BSH.0","BEH.0","BIH.0","BEQ.0","BIQ.0","BH.0","BR.0","CSH.0","CEH.0","CIH.0","CEQ.0","CIQ.0","CH.0","CR.0","DSH.0","DEH.0","DIH.0","DEQ.0","DIQ.0","DH.0","DR.0","pop","susc.ini","infe.ini","t0"
"S.3",-262.387663427197,0.256615182663208,0,0,1,1,1,0.01825,189.8,36.5,18.8705,83.95,76.65,149.65,18.8705,73,73,18.8705,69.35,2.4455,0.1,5,4.88765765478202,6.51126224527744,6.79661341781021,4.41708380611744,3.24803553347413,1,1,1,1,1,1,43.6428111878029,0.0524686334260838,0.0235398971976441,2.17093042690066e-08,2.18729735522752e-08,0,0,0,0.976460059220079,0.516165733833226,2.16086543480302e-08,3.12418614318479e-08,0,0,0,0.483834213316258,0.86411837315132,7.48388063501298e-08,5.51608420294084e-08,0,0,0,0.135881496849033,5e+07,0.333333333333333,1,0.289
