"","loglik","loglik.sd","nfail.max","nfail.min","beta1","beta2","beta3","muh","sigma1","gamma1","tau1","alpha1","delta1","sigma2","tau2","alpha2","delta2","tau3","delta3","xi","rho","nm","log.muv","log.muv1","log.muv2","log.muv3","log.muv4","log.muv5","log.muv6","log.muv7","log.muv8","log.muv9","bmuv","cmuv","tau","BSH.0","BEH.0","BIH.0","BEQ.0","BIQ.0","BH.0","BR.0","CSH.0","CEH.0","CIH.0","CEQ.0","CIQ.0","CH.0","CR.0","DSH.0","DEH.0","DIH.0","DEQ.0","DIQ.0","DH.0","DR.0","pop","susc.ini","infe.ini","t0"
"S.7",-268.65883526449,0.610060295196445,0,0,1,1,1,0.01825,189.8,36.5,18.8705,83.95,76.65,149.65,18.8705,73,73,18.8705,69.35,2.4455,0.1,8,-1.76135808245793,-0.700344534999827,6.58625955492103,6.34398358189172,5.37956645811841,0.124769858271194,4.99554152675503,-2.66701226154075,1,1,1,59.555745526883,0.0237002220138108,0.0384739048333825,2.32736257614813e-08,2.77364963204217e-08,0,0,0,0.961526044156497,0.709294257094042,2.79658599596339e-08,3.94609536317474e-08,0,0,0,0.290705675479143,0.891424078119514,9.23239725667051e-08,4.45328806066639e-08,0,0,0,0.108575785023633,5e+07,0.333333333333333,1,0.289
