"","loglik","loglik.sd","nfail.max","nfail.min","beta1","beta2","beta3","muh","sigma1","gamma1","tau1","alpha1","delta1","sigma2","tau2","alpha2","delta2","tau3","delta3","xi","rho","nm","log.muv","log.muv1","log.muv2","log.muv3","log.muv4","log.muv5","log.muv6","log.muv7","log.muv8","log.muv9","bmuv","cmuv","tau","BSH.0","BEH.0","BIH.0","BEQ.0","BIQ.0","BH.0","BR.0","CSH.0","CEH.0","CIH.0","CEQ.0","CIQ.0","CH.0","CR.0","DSH.0","DEH.0","DIH.0","DEQ.0","DIQ.0","DH.0","DR.0","pop","susc.ini","infe.ini","t0"
"S.0",-298.776816377176,5.24401997978026,0,0,1,1,1,0.01825,189.8,36.5,18.8705,83.95,76.65,149.65,18.8705,73,73,18.8705,69.35,2.4455,0.1,2,7.0380679101457,4.21157222379998,1,1,1,1,1,1,1,1,1,98.0389192138812,0.0335206904945882,0.0194921960341916,3.77416362368389e-08,2.31719016710364e-08,0,0,0,0.980507743052268,0.0750514465582151,2.09824312661893e-08,2.99535151082789e-08,0,0,0,0.924948502505839,0.104031579828196,5.50786037774287e-08,2.24096861367662e-08,0,0,0,0.895968342683513,5e+07,0.333333333333333,1,0.289
