"","loglik","loglik.sd","nfail.max","nfail.min","beta1","beta2","beta3","muh","sigma1","gamma1","tau1","alpha1","delta1","sigma2","tau2","alpha2","delta2","tau3","delta3","xi","rho","nm","log.muv","log.muv1","log.muv2","log.muv3","log.muv4","log.muv5","log.muv6","log.muv7","log.muv8","log.muv9","bmuv","cmuv","tau","BSH.0","BEH.0","BIH.0","BEQ.0","BIQ.0","BH.0","BR.0","CSH.0","CEH.0","CIH.0","CEQ.0","CIQ.0","CH.0","CR.0","DSH.0","DEH.0","DIH.0","DEQ.0","DIQ.0","DH.0","DR.0","pop","susc.ini","infe.ini","t0"
"S.5",-261.490524437618,0.390521780619521,0,0,1,1,1,0.01825,189.8,36.5,18.8705,83.95,76.65,149.65,18.8705,73,73,18.8705,69.35,2.4455,0.1,6,5.0696929516078,5.91484404854299,7.25816803427699,5.9252273318512,4.72693378308245,2.83381841732352,1,1,1,1,1,38.5981157557389,0.0552892010710672,0.0140865017953048,2.31290809533739e-08,2.67223877447423e-08,0,0,0,0.985913448353227,0.604403156306786,2.49409664298539e-08,3.30020237191824e-08,0,0,0,0.395596785750224,0.855855764229854,9.71452244585771e-08,2.86991976319453e-08,0,0,0,0.144144109925724,5e+07,0.333333333333333,1,0.289
