"","loglik","loglik.sd","nfail.max","nfail.min","beta1","beta2","beta3","muh","sigma1","gamma1","tau1","alpha1","delta1","sigma2","tau2","alpha2","delta2","tau3","delta3","xi","rho","nm","log.muv","log.muv1","log.muv2","log.muv3","log.muv4","log.muv5","log.muv6","log.muv7","log.muv8","log.muv9","bmuv","cmuv","tau","BSH.0","BEH.0","BIH.0","BEQ.0","BIQ.0","BH.0","BR.0","CSH.0","CEH.0","CIH.0","CEQ.0","CIQ.0","CH.0","CR.0","DSH.0","DEH.0","DIH.0","DEQ.0","DIQ.0","DH.0","DR.0","pop","susc.ini","infe.ini","t0"
"S.4",-261.228097101598,0.34111381292922,0,0,1,1,1,0.01825,189.8,36.5,18.8705,83.95,76.65,149.65,18.8705,73,73,18.8705,69.35,2.4455,0.1,6,5.24623562218786,5.99677939806418,7.26479972462014,5.95889299343828,4.69223913510519,2.78530491774174,1,1,1,1,1,36.2040862186627,0.0604913275482539,0.012752810661993,2.55843075055616e-08,2.22446463985871e-08,0,0,0,0.987247141509053,0.564626899334884,2.13009281441465e-08,3.31774734257777e-08,0,0,0,0.435373046186713,0.885395023308149,3.38281725019508e-08,6.80129490114146e-08,0,0,0,0.11460487485073,5e+07,0.333333333333333,1,0.289
