"","loglik","loglik.sd","nfail.max","nfail.min","beta1","beta2","beta3","muh","sigma1","gamma1","tau1","alpha1","delta1","sigma2","tau2","alpha2","delta2","tau3","delta3","xi","rho","nm","log.muv","log.muv1","log.muv2","log.muv3","log.muv4","log.muv5","log.muv6","log.muv7","log.muv8","log.muv9","bmuv","cmuv","tau","BSH.0","BEH.0","BIH.0","BEQ.0","BIQ.0","BH.0","BR.0","CSH.0","CEH.0","CIH.0","CEQ.0","CIQ.0","CH.0","CR.0","DSH.0","DEH.0","DIH.0","DEQ.0","DIQ.0","DH.0","DR.0","pop","susc.ini","infe.ini","t0"
"S.9",-268.841280657473,0.758022307210081,0,0,1,1,1,0.01825,189.8,36.5,18.8705,83.95,76.65,149.65,18.8705,73,73,18.8705,69.35,2.4455,0.1,10,-4.17995966855022,5.05555045035411,3.56297871889873,6.92189212523842,1.72148623975686,0.538496697626029,-0.862426184156538,2.72561822379335,-5.70954579710393,-0.837082747716538,1,74.728210634506,0.0477775886457225,0.556787663869603,2.02696106766815e-08,2.09687563291588e-08,0,0,0,0.44321229489203,0.739778888497238,4.7898604446318e-08,5.35950603775451e-08,0,0,0,0.260221010009097,0.863443959593544,3.52015428366647e-08,1.11585409249172e-07,0,0,0,0.136555893619503,5e+07,0.333333333333333,1,0.289
