"","loglik","loglik.sd","nfail.max","nfail.min","beta1","beta2","beta3","muh","sigma1","gamma1","tau1","alpha1","delta1","sigma2","tau2","alpha2","delta2","tau3","delta3","xi","rho","nm","log.muv","log.muv1","log.muv2","log.muv3","log.muv4","log.muv5","log.muv6","log.muv7","log.muv8","log.muv9","bmuv","cmuv","tau","BSH.0","BEH.0","BIH.0","BEQ.0","BIQ.0","BH.0","BR.0","CSH.0","CEH.0","CIH.0","CEQ.0","CIQ.0","CH.0","CR.0","DSH.0","DEH.0","DIH.0","DEQ.0","DIQ.0","DH.0","DR.0","pop","susc.ini","infe.ini","t0"
"S.5",-261.746473505004,0.261570144875789,0,0,1,1,1,0.01825,189.8,36.5,18.8705,83.95,76.65,149.65,18.8705,73,73,18.8705,69.35,2.4455,0.1,6,4.8013228737127,5.92611509184412,7.17055213396698,5.9538038974631,4.67128193326695,3.87776726049394,1,1,1,1,1,39.7152228382468,0.0561993766248299,0.0189365748765048,2.60296291021739e-08,2.42172885416672e-08,0,0,0,0.981063374876578,0.601409922573238,2.6034345072071e-08,4.17191672795865e-08,0,0,0,0.398590009673249,0.887939694287302,6.94050630805056e-08,6.75914619620107e-08,0,0,0,0.112060168716174,5e+07,0.333333333333333,1,0.289
