"","loglik","loglik.sd","nfail.max","nfail.min","beta1","beta2","beta3","muh","sigma1","gamma1","tau1","alpha1","delta1","sigma2","tau2","alpha2","delta2","tau3","delta3","xi","rho","nm","log.muv","log.muv1","log.muv2","log.muv3","log.muv4","log.muv5","log.muv6","log.muv7","log.muv8","log.muv9","bmuv","cmuv","tau","BSH.0","BEH.0","BIH.0","BEQ.0","BIQ.0","BH.0","BR.0","CSH.0","CEH.0","CIH.0","CEQ.0","CIQ.0","CH.0","CR.0","DSH.0","DEH.0","DIH.0","DEQ.0","DIQ.0","DH.0","DR.0","pop","susc.ini","infe.ini","t0"
"S.0",-284.550677247411,1.3599597019307,0,0,1,1,1,0.01825,189.8,36.5,18.8705,83.95,76.65,149.65,18.8705,73,73,18.8705,69.35,2.4455,0.1,2,6.81853968758403,3.91228133282822,1,1,1,1,1,1,1,1,1,97.3946444413107,0.132087362145791,0.0144847147920846,2.12995768497426e-08,2.01599243874759e-08,0,0,0,0.985515243748413,0.0999289242372919,6.84814479559319e-08,2.72514552457136e-08,0,0,0,0.900070980029806,0.299026400784335,2.09681843383726e-08,6.54403718058906e-08,0,0,0,0.700973512807109,5e+07,0.333333333333333,1,0.289
