"","loglik","loglik.sd","nfail.max","nfail.min","beta1","beta2","beta3","muh","sigma1","gamma1","tau1","alpha1","delta1","sigma2","tau2","alpha2","delta2","tau3","delta3","xi","rho","nm","log.muv","log.muv1","log.muv2","log.muv3","log.muv4","log.muv5","log.muv6","log.muv7","log.muv8","log.muv9","bmuv","cmuv","tau","BSH.0","BEH.0","BIH.0","BEQ.0","BIQ.0","BH.0","BR.0","CSH.0","CEH.0","CIH.0","CEQ.0","CIQ.0","CH.0","CR.0","DSH.0","DEH.0","DIH.0","DEQ.0","DIQ.0","DH.0","DR.0","pop","susc.ini","infe.ini","t0"
"S.0",-287.785531910176,1.48801590153212,0,0,1,1,1,0.01825,189.8,36.5,18.8705,83.95,76.65,149.65,18.8705,73,73,18.8705,69.35,2.4455,0.1,2,7.36458283456842,3.60451138339894,1,1,1,1,1,1,1,1,1,105.130034231959,0.154714683090697,0.0122059244153041,2.61843469860679e-08,2.33400859606693e-08,0,0,0,0.987794026060263,0.02998235069247,3.64557405340476e-08,2.12218548990903e-08,0,0,0,0.970017591629935,0.12712894249282,2.93788218611797e-08,6.99439802123155e-08,0,0,0,0.872870958184376,5e+07,0.333333333333333,1,0.289
