"","loglik","loglik.sd","nfail.max","nfail.min","beta1","beta2","beta3","muh","sigma1","gamma1","tau1","alpha1","delta1","sigma2","tau2","alpha2","delta2","tau3","delta3","xi","rho","nm","log.muv","log.muv1","log.muv2","log.muv3","log.muv4","log.muv5","log.muv6","log.muv7","log.muv8","log.muv9","bmuv","cmuv","tau","BSH.0","BEH.0","BIH.0","BEQ.0","BIQ.0","BH.0","BR.0","CSH.0","CEH.0","CIH.0","CEQ.0","CIQ.0","CH.0","CR.0","DSH.0","DEH.0","DIH.0","DEQ.0","DIQ.0","DH.0","DR.0","pop","susc.ini","infe.ini","t0"
"S.4",-261.368750326285,0.331033511586712,0,0,1,1,1,0.01825,189.8,36.5,18.8705,83.95,76.65,149.65,18.8705,73,73,18.8705,69.35,2.4455,0.1,6,5.07289620754944,5.89872361247925,7.22891794482763,5.91863514192391,4.47559754471647,3.31235480549649,1,1,1,1,1,39.9110094323198,0.0549783989571085,0.0122715355280936,2.4550979541221e-08,2.62597242052361e-08,0,0,0,0.987728413661201,0.634241574095153,2.57307811598715e-08,3.73516549373476e-08,0,0,0,0.36575836282241,0.859968749390019,3.02473467367238e-08,6.38458892510954e-08,0,0,0,0.140031156516745,5e+07,0.333333333333333,1,0.289
