"","loglik","loglik.sd","nfail.max","nfail.min","beta1","beta2","beta3","muh","sigma1","gamma1","tau1","alpha1","delta1","sigma2","tau2","alpha2","delta2","tau3","delta3","xi","rho","nm","log.muv","log.muv1","log.muv2","log.muv3","log.muv4","log.muv5","log.muv6","log.muv7","log.muv8","log.muv9","bmuv","cmuv","tau","BSH.0","BEH.0","BIH.0","BEQ.0","BIQ.0","BH.0","BR.0","CSH.0","CEH.0","CIH.0","CEQ.0","CIQ.0","CH.0","CR.0","DSH.0","DEH.0","DIH.0","DEQ.0","DIQ.0","DH.0","DR.0","pop","susc.ini","infe.ini","t0"
"S.7",-267.966362571735,0.803174670380785,0,0,1,1,1,0.01825,189.8,36.5,18.8705,83.95,76.65,149.65,18.8705,73,73,18.8705,69.35,2.4455,0.1,8,-3.07235684480787,-1.50502911968206,6.29320008272934,5.97882682765649,4.91573803755968,0.0132647927165056,4.43144993881833,-3.56601649957435,1,1,1,67.3818806026116,0.0280074382357063,0.121891933559635,2.47185923638573e-08,2.19232209758301e-08,0,0,0,0.878108019798551,0.719121325778462,2.56239683847129e-08,3.44806472982481e-08,0,0,0,0.280878614116922,0.895693398322199,1.82724375418681e-07,2.58553818030905e-08,0,0,0,0.104306393098044,5e+07,0.333333333333333,1,0.289
