"","loglik","loglik.sd","nfail.max","nfail.min","beta1","beta2","beta3","muh","sigma1","gamma1","tau1","alpha1","delta1","sigma2","tau2","alpha2","delta2","tau3","delta3","xi","rho","nm","log.muv","log.muv1","log.muv2","log.muv3","log.muv4","log.muv5","log.muv6","log.muv7","log.muv8","log.muv9","bmuv","cmuv","tau","BSH.0","BEH.0","BIH.0","BEQ.0","BIQ.0","BH.0","BR.0","CSH.0","CEH.0","CIH.0","CEQ.0","CIQ.0","CH.0","CR.0","DSH.0","DEH.0","DIH.0","DEQ.0","DIQ.0","DH.0","DR.0","pop","susc.ini","infe.ini","t0"
"S.1",-264.621210439195,0.376193628031171,0,0,1,1,1,0.01825,189.8,36.5,18.8705,83.95,76.65,149.65,18.8705,73,73,18.8705,69.35,2.4455,0.1,3,5.34800724280997,6.8786715278736,2.80679622391364,1,1,1,1,1,1,1,1,39.0103319619146,0.0701554843670652,0.0456656123452637,2.15544791803398e-08,2.31893025610978e-08,0,0,0,0.954334342910955,0.613835833271672,4.51405087183847e-08,2.6623835293724e-08,0,0,0,0.386164094963985,0.882407017987275,8.06772993075718e-08,2.21324283517747e-08,0,0,0,0.117592879202998,5e+07,0.333333333333333,1,0.289
