"","loglik","loglik.sd","nfail.max","nfail.min","beta1","beta2","beta3","muh","sigma1","gamma1","tau1","alpha1","delta1","sigma2","tau2","alpha2","delta2","tau3","delta3","xi","rho","nm","log.muv","log.muv1","log.muv2","log.muv3","log.muv4","log.muv5","log.muv6","log.muv7","log.muv8","log.muv9","bmuv","cmuv","tau","BSH.0","BEH.0","BIH.0","BEQ.0","BIQ.0","BH.0","BR.0","CSH.0","CEH.0","CIH.0","CEQ.0","CIQ.0","CH.0","CR.0","DSH.0","DEH.0","DIH.0","DEQ.0","DIQ.0","DH.0","DR.0","pop","susc.ini","infe.ini","t0"
"S.6",-268.12158772151,0.764259351537703,0,0,1,1,1,0.01825,189.8,36.5,18.8705,83.95,76.65,149.65,18.8705,73,73,18.8705,69.35,2.4455,0.1,7,5.71164462051879,5.48045040734232,7.10078447410966,4.59345989891097,0.352250259230816,4.61729930975602,-0.893654606790296,1,1,1,1,82.3105248485122,0.0297349009630272,0.0280423063103165,2.37556503172115e-08,2.21109840495846e-08,0,0,0,0.971957647823051,0.39153496131572,2.56285496224733e-08,2.19150267083803e-08,0,0,0,0.608464991140702,0.459556108387401,3.46292013914434e-08,4.56627414899597e-08,0,0,0,0.540443811320655,5e+07,0.333333333333333,1,0.289
