"","loglik","loglik.sd","nfail.max","nfail.min","beta1","beta2","beta3","muh","sigma1","gamma1","tau1","alpha1","delta1","sigma2","tau2","alpha2","delta2","tau3","delta3","xi","rho","nm","log.muv","log.muv1","log.muv2","log.muv3","log.muv4","log.muv5","log.muv6","log.muv7","log.muv8","log.muv9","bmuv","cmuv","tau","BSH.0","BEH.0","BIH.0","BEQ.0","BIQ.0","BH.0","BR.0","CSH.0","CEH.0","CIH.0","CEQ.0","CIQ.0","CH.0","CR.0","DSH.0","DEH.0","DIH.0","DEQ.0","DIQ.0","DH.0","DR.0","pop","susc.ini","infe.ini","t0"
"S.8",-269.815328586191,1.00457873993005,0,0,1,1,1,0.01825,189.8,36.5,18.8705,83.95,76.65,149.65,18.8705,73,73,18.8705,69.35,2.4455,0.1,9,4.61071336409804,5.32774030821436,5.14952279115023,6.86258459684537,0.317063588676254,2.40095285151898,3.20917587059194,-3.98981604633466,2.05834380566265,1,1,72.3470900395532,0.0642766012010484,0.209361555856326,2.3328542749361e-08,2.40133635507531e-08,0,0,0,0.79063839680177,0.734091108034639,2.41406323408342e-08,3.38489956742292e-08,0,0,0,0.265908833975732,0.715204516667385,6.25206572459186e-08,8.69215352621675e-08,0,0,0,0.284795333890423,5e+07,0.333333333333333,1,0.289
