"","loglik","loglik.sd","nfail.max","nfail.min","beta1","beta2","beta3","muh","sigma1","gamma1","tau1","alpha1","delta1","sigma2","tau2","alpha2","delta2","tau3","delta3","xi","rho","nm","log.muv","log.muv1","log.muv2","log.muv3","log.muv4","log.muv5","log.muv6","log.muv7","log.muv8","log.muv9","bmuv","cmuv","tau","BSH.0","BEH.0","BIH.0","BEQ.0","BIQ.0","BH.0","BR.0","CSH.0","CEH.0","CIH.0","CEQ.0","CIQ.0","CH.0","CR.0","DSH.0","DEH.0","DIH.0","DEQ.0","DIQ.0","DH.0","DR.0","pop","susc.ini","infe.ini","t0"
"S.1",-264.64236772724,0.223674531578783,0,0,1,1,1,0.01825,189.8,36.5,18.8705,83.95,76.65,149.65,18.8705,73,73,18.8705,69.35,2.4455,0.1,3,5.42288754731711,6.96417474034951,2.68289148060197,1,1,1,1,1,1,1,1,36.9737730798855,0.0807611786192617,0.0219564001027141,2.47092002813814e-08,2.2130145068076e-08,0,0,0,0.978043553057941,0.593282559694156,2.55835202058579e-08,4.67663537876947e-08,0,0,0,0.406717367955972,0.853230308051487,7.06881719803545e-08,4.39565425079163e-08,0,0,0,0.1467695773038,5e+07,0.333333333333333,1,0.289
