"","loglik","loglik.sd","nfail.max","nfail.min","beta1","beta2","beta3","muh","sigma1","gamma1","tau1","alpha1","delta1","sigma2","tau2","alpha2","delta2","tau3","delta3","xi","rho","nm","log.muv","log.muv1","log.muv2","log.muv3","log.muv4","log.muv5","log.muv6","log.muv7","log.muv8","log.muv9","bmuv","cmuv","tau","BSH.0","BEH.0","BIH.0","BEQ.0","BIQ.0","BH.0","BR.0","CSH.0","CEH.0","CIH.0","CEQ.0","CIQ.0","CH.0","CR.0","DSH.0","DEH.0","DIH.0","DEQ.0","DIQ.0","DH.0","DR.0","pop","susc.ini","infe.ini","t0"
"S.1",-264.429873745161,0.318001165448893,0,0,1,1,1,0.01825,189.8,36.5,18.8705,83.95,76.65,149.65,18.8705,73,73,18.8705,69.35,2.4455,0.1,3,5.39788809617653,6.98971032265919,2.36709606352865,1,1,1,1,1,1,1,1,38.5737684734152,0.0784728674747613,0.0126195957542473,2.17289481371946e-08,2.62311486535463e-08,0,0,0,0.987380356285655,0.522335075524758,3.9039534038444e-08,2.30834759278465e-08,0,0,0,0.477664862352232,0.849467920014355,8.53431956506503e-08,2.14197922540431e-08,0,0,0,0.150531973222657,5e+07,0.333333333333333,1,0.289
