"","loglik","loglik.sd","nfail.max","nfail.min","beta1","beta2","beta3","muh","sigma1","gamma1","tau1","alpha1","delta1","sigma2","tau2","alpha2","delta2","tau3","delta3","xi","rho","nm","log.muv","log.muv1","log.muv2","log.muv3","log.muv4","log.muv5","log.muv6","log.muv7","log.muv8","log.muv9","bmuv","cmuv","tau","BSH.0","BEH.0","BIH.0","BEQ.0","BIQ.0","BH.0","BR.0","CSH.0","CEH.0","CIH.0","CEQ.0","CIQ.0","CH.0","CR.0","DSH.0","DEH.0","DIH.0","DEQ.0","DIQ.0","DH.0","DR.0","pop","susc.ini","infe.ini","t0"
"S.8",-270.723299685902,1.33443309180092,0,0,1,1,1,0.01825,189.8,36.5,18.8705,83.95,76.65,149.65,18.8705,73,73,18.8705,69.35,2.4455,0.1,9,4.03846060998932,6.29896278911554,5.16934270254763,6.63663921919868,-0.962324428588229,1.92742918293901,2.92359582917493,-2.76704117980957,2.44357741039218,1,1,87.9280280193811,0.0218610643973979,0.0955444225544932,2.46198053540095e-08,2.03465597789682e-08,0,0,0,0.904455532479143,0.553947778340715,2.70039841478229e-08,4.07630190356855e-08,0,0,0,0.446052153892281,0.529032670295042,2.60186610347445e-08,6.04072262932751e-08,0,0,0,0.470967243279071,5e+07,0.333333333333333,1,0.289
